INSERT INTO LOGIN (LOGIN_ID,LOGIN_NAME,PASSWORD) VALUES (1,'mateus.souza','$2a$12$kC2DAVexPRQjl19d0Ds.Iewc.CLF1G2S/AE0l8bQuq.cBxmNfN1wy');
INSERT INTO SECURITY_GROUP  (ID,NAME) VALUES (1,'ADMIN');
INSERT INTO USER_GROUPS  (USER_ID,GROUP_ID ) VALUES (1,1);

INSERT INTO LOGIN (LOGIN_ID,LOGIN_NAME,PASSWORD) VALUES (2,'usuario','$2a$12$kC2DAVexPRQjl19d0Ds.Iewc.CLF1G2S/AE0l8bQuq.cBxmNfN1wy');
INSERT INTO SECURITY_GROUP  (ID,NAME) VALUES (2,'USER');
INSERT INTO USER_GROUPS  (USER_ID,GROUP_ID ) VALUES (2,2);

INSERT INTO PHONE (ID,PHONE_NUMBER) VALUES (111,'(62) 98569-4922');
INSERT INTO PHONE (ID,PHONE_NUMBER) VALUES (222,'(62) 98569-4922');
INSERT INTO PHONE (ID,PHONE_NUMBER) VALUES (333,'(62) 98569-4922');
INSERT INTO PHONE (ID,PHONE_NUMBER) VALUES (444,'(62) 98569-4922');
INSERT INTO PHONE (ID,PHONE_NUMBER) VALUES (555,'(62) 98569-4922');
INSERT INTO PHONE (ID,PHONE_NUMBER) VALUES (666,'(62) 98569-4922');
INSERT INTO PHONE (ID,PHONE_NUMBER) VALUES (777,'(62) 98569-4922');

INSERT INTO ADDRESS  (ID,CEP,CITY,DISTRICT,NUMBER,STATE,STREET) VALUES (111,74375500,'Goiânia','Parque Oeste',475,'GO','Rua tal');
INSERT INTO ADDRESS  (ID,CEP,CITY,DISTRICT,NUMBER,STATE,STREET) VALUES (222,74375500,'Goiânia','Parque Oeste',475,'GO','Rua tal');
INSERT INTO ADDRESS  (ID,CEP,CITY,DISTRICT,NUMBER,STATE,STREET) VALUES (333,74375500,'Goiânia','Parque Oeste',475,'GO','Rua tal');
INSERT INTO ADDRESS  (ID,CEP,CITY,DISTRICT,NUMBER,STATE,STREET) VALUES (444,74375500,'Goiânia','Parque Oeste',475,'GO','Rua tal');
INSERT INTO ADDRESS  (ID,CEP,CITY,DISTRICT,NUMBER,STATE,STREET) VALUES (555,74375500,'Goiânia','Parque Oeste',475,'GO','Rua tal');
INSERT INTO ADDRESS  (ID,CEP,CITY,DISTRICT,NUMBER,STATE,STREET) VALUES (666,74375500,'Goiânia','Parque Oeste',475,'GO','Rua tal');
INSERT INTO ADDRESS  (ID,CEP,CITY,DISTRICT,NUMBER,STATE,STREET) VALUES (777,74375500,'Goiânia','Parque Oeste',475,'GO','Rua tal');

INSERT INTO PHYSICAL_CUSTOMER (CPF,BIRTH_DAY,PHYSICAL_CUSTOMER_NAME) VALUES ('773.774.702-83','25/09/2000','Nelson Thomas Yuri da Conceição');
INSERT INTO PHYSICAL_CUSTOMER (CPF,BIRTH_DAY,PHYSICAL_CUSTOMER_NAME) VALUES ('826.930.370-42','25/09/2000','Thales Henry Jesus');
INSERT INTO PHYSICAL_CUSTOMER (CPF,BIRTH_DAY,PHYSICAL_CUSTOMER_NAME) VALUES ('276.469.820-83','25/09/2000','José Felipe Caleb Aragão');
INSERT INTO PHYSICAL_CUSTOMER (CPF,BIRTH_DAY,PHYSICAL_CUSTOMER_NAME) VALUES ('274.722.370-19','25/09/2000','Iago Raul Ricardo Nogueira');
INSERT INTO PHYSICAL_CUSTOMER (CPF,BIRTH_DAY,PHYSICAL_CUSTOMER_NAME) VALUES ('935.096.170-96','25/09/2000','Andrea Jéssica Regina Barros');

INSERT INTO LEGAL_CUSTOMER  (CNPJ,CORPORATE_NAME,FANTASY_NAME) VALUES ('90.375.881/0001-18','Eliane Isabella Sandra Ramos','Teste1 LTDA');
INSERT INTO LEGAL_CUSTOMER  (CNPJ,CORPORATE_NAME,FANTASY_NAME) VALUES ('79.390.860/0001-39','Olivia Cristiane Santos','Teste2 LTDA');

INSERT INTO CUSTOMER
(CUTOMER_ID,DATA_ALTERACAO,DATA_CRIACAO,ADDRESSES_ID,LEGAL_CUSTOMER_ID,PHONES_ID,PHYSICAL_CUSTOMER_ID,USER_LOGIN_ID)
VALUES (111,'','18/08/2022',111,null,111,'773.774.702-83',1),
 (222,'','18/08/2022',222,null,222,'826.930.370-42',2),
 (333,'','18/08/2022',333,'90.375.881/0001-18',333,null,1),
 (444,'','18/08/2022',444,null,444,'276.469.820-83',2),
 (555,'','18/08/2022',555,'79.390.860/0001-39',555,null,1),
 (666,'','18/08/2022',666,null,666,'274.722.370-19',1),
 (777,'','18/08/2022',777,null,777,'935.096.170-96',1);



