INSERT INTO LOGIN (LOGIN_ID,LOGIN_NAME,PASSWORD) VALUES (1,'mateus.souza','$2a$12$kC2DAVexPRQjl19d0Ds.Iewc.CLF1G2S/AE0l8bQuq.cBxmNfN1wy');
INSERT INTO SECURITY_GROUP  (ID,NAME) VALUES (1,'ADMIN');
INSERT INTO USER_GROUPS  (USER_ID,GROUP_ID ) VALUES (1,1);

INSERT INTO LOGIN (LOGIN_ID,LOGIN_NAME,PASSWORD) VALUES (2,'usuario','$2a$12$kC2DAVexPRQjl19d0Ds.Iewc.CLF1G2S/AE0l8bQuq.cBxmNfN1wy');
INSERT INTO SECURITY_GROUP  (ID,NAME) VALUES (2,'USER');
INSERT INTO USER_GROUPS  (USER_ID,GROUP_ID ) VALUES (2,2);

INSERT INTO PHONE (ID,PHONE_NUMBER) VALUES (3,'(62) 98569-4922');

INSERT INTO ADDRESS  (ID,CEP,CITY,DISTRICT,NUMBER,STATE,STREET) VALUES (2,74375500,'Goiânia','Parque Oeste',475,'GO','Rua tal');

INSERT INTO PHYSICAL_CUSTOMER (CPF,BIRTH_DAY,PHYSICAL_CUSTOMER_NAME) VALUES ('773.774.702-83','25/09/2000','Nelson Thomas Yuri da Conceição');
INSERT INTO PHYSICAL_CUSTOMER (CPF,BIRTH_DAY,PHYSICAL_CUSTOMER_NAME) VALUES ('826.930.370-42','25/09/2000','Thales Henry Jesus');
INSERT INTO PHYSICAL_CUSTOMER (CPF,BIRTH_DAY,PHYSICAL_CUSTOMER_NAME) VALUES ('276.469.820-83','25/09/2000','José Felipe Caleb Aragão');
INSERT INTO PHYSICAL_CUSTOMER (CPF,BIRTH_DAY,PHYSICAL_CUSTOMER_NAME) VALUES ('274.722.370-19','25/09/2000','Iago Raul Ricardo Nogueira');
INSERT INTO PHYSICAL_CUSTOMER (CPF,BIRTH_DAY,PHYSICAL_CUSTOMER_NAME) VALUES ('935.096.170-96','25/09/2000','Andrea Jéssica Regina Barros');

INSERT INTO LEGAL_CUSTOMER  (CNPJ,CORPORATE_NAME,FANTASY_NAME) VALUES ('90.375.881/0001-18','Eliane Isabella Sandra Ramos','Teste1 LTDA');
INSERT INTO LEGAL_CUSTOMER  (CNPJ,CORPORATE_NAME,FANTASY_NAME) VALUES ('79.390.860/0001-39','Olivia Cristiane Santos','Teste2 LTDA');

INSERT INTO CUSTOMER
(CUTOMER_ID,DATA_ALTERACAO,DATA_CRIACAO,ADDRESSES_ID,LEGAL_CUSTOMER_ID,PHONES_ID,PHYSICAL_CUSTOMER_ID,USER_LOGIN_ID)
VALUES (1,'','18/08/2022',2,null,3,'773.774.702-83',1),
 (2,'','18/08/2022',2,null,3,'826.930.370-42',2),
 (3,'','18/08/2022',2,'90.375.881/0001-18',3,null,1),
 (4,'','18/08/2022',2,null,3,'276.469.820-83',2),
 (5,'','18/08/2022',2,'79.390.860/0001-39',3,null,1),
 (6,'','18/08/2022',2,null,3,'274.722.370-19',1),
 (7,'','18/08/2022',2,null,3,'935.096.170-96',1);



